177,/static/music/angryhindi/1.mp3,angryhindi,Channa Mereya,/static/covers/angryhindi/1.jpg
178,/static/music/angryhindi/2.mp3,angryhindi,Dil Dhadakne Do,/static/covers/angryhindi/2.jpg
179,/static/music/angryhindi/3.mp3,angryhindi,Iski Uski,/static/covers/angryhindi/3.jpg
180,/static/music/angryhindi/4.mp3,angryhindi,Jugnu,/static/covers/angryhindi/4.jpg
181,/static/music/angryhindi/5.mp3,angryhindi,Love You Zindagi,/static/covers/angryhindi/5.jpg
182,/static/music/angryhindi/6.mp3,angryhindi,Makhna,/static/covers/angryhindi/6.jpg
183,/static/music/angryhindi/7.mp3,angryhindi,Saibo,/static/covers/angryhindi/7.jpg
184,/static/music/angryhindi/8.mp3,angryhindi,Sau Aasmaan,/static/covers/angryhindi/8.jpg
185,/static/music/angryhindi/9.mp3,angryhindi,Sooraj Ki Baahon Mein,/static/covers/angryhindi/9.jpg
186,/static/music/angryhindi/10.mp3,angryhindi,Uff Teri Adaa,/static/covers/angryhindi/10.jpg
187,/static/music/fearhindi/1.mp3,fearhindi,Agar Tum Saath Ho,/static/covers/fearhindi/1.jpg
188,/static/music/fearhindi/2.mp3,fearhindi,Bin Tere,/static/covers/fearhindi/2.jpg
189,/static/music/fearhindi/3.mp3,fearhindi,Channa Mereya,/static/covers/fearhindi/3.jpg
190,/static/music/fearhindi/4.mp3,fearhindi,Dobey,/static/covers/fearhindi/4.jpg
191,/static/music/fearhindi/5.mp3,fearhindi,Hamari Adhuri Kahani,/static/covers/fearhindi/5.jpg
192,/static/music/fearhindi/6.mp3,fearhindi,Jag Soona Soona,/static/covers/fearhindi/6.jpg
193,/static/music/fearhindi/7.mp3,fearhindi,Kabira,/static/covers/fearhindi/7.jpg
194,/static/music/fearhindi/8.mp3,fearhindi,Love You Zindagi,/static/covers/fearhindi/8.jpg
195,/static/music/fearhindi/9.mp3,fearhindi,Mai Dhoondne Ko,/static/covers/fearhindi/9.jpg
196,/static/music/fearhindi/10.mp3,fearhindi,Rait Zara Si,/static/covers/fearhindi/10.jpg
197,/static/music/happyhindi/1.mp3,happyhindi,Buddhu Sa Mann,/static/covers/happyhindi/1.jpg
198,/static/music/happyhindi/2.mp3,happyhindi,Dil Dhadakne Do,/static/covers/happyhindi/2.jpg
199,/static/music/happyhindi/3.mp3,happyhindi,Iski Uski,/static/covers/happyhindi/3.jpg
200,/static/music/happyhindi/4.mp3,happyhindi,Love You Zindagi,/static/covers/happyhindi/4.jpg
201,/static/music/happyhindi/5.mp3,happyhindi,Makhna,/static/covers/happyhindi/5.jpg
202,/static/music/happyhindi/6.mp3,happyhindi,Namo Namo,/static/covers/happyhindi/6.jpg
203,/static/music/happyhindi/7.mp3,happyhindi,Saibo,/static/covers/happyhindi/7.jpg
204,/static/music/happyhindi/8.mp3,happyhindi,Sau Aasmaan,/static/covers/happyhindi/8.jpg
205,/static/music/happyhindi/9.mp3,happyhindi,Sooraj Ki Baahon Mein,/static/covers/happyhindi/9.jpg
206,/static/music/happyhindi/10.mp3,happyhindi,Uff Teri Adaa,/static/covers/happyhindi/10.jpg
207,/static/music/neutralhindi/1.mp3,neutralhindi,Buddhu Sa Mann,/static/covers/neutralhindi/1.jpg
208,/static/music/neutralhindi/2.mp3,neutralhindi,Dil Dhadakne Do,/static/covers/neutralhindi/2.jpg
209,/static/music/neutralhindi/3.mp3,neutralhindi,Dobey,/static/covers/neutralhindi/3.jpg
210,/static/music/neutralhindi/4.mp3,neutralhindi,Iski Uski,/static/covers/neutralhindi/4.jpg
211,/static/music/neutralhindi/5.mp3,neutralhindi,Jugnu,/static/covers/neutralhindi/5.jpg
212,/static/music/neutralhindi/6.mp3,neutralhindi,Love You Zindagi,/static/covers/neutralhindi/6.jpg
213,/static/music/neutralhindi/7.mp3,neutralhindi,Makhna,/static/covers/neutralhindi/7.jpg
214,/static/music/neutralhindi/8.mp3,neutralhindi,Naacho Naacho,/static/covers/neutralhindi/8.jpg
215,/static/music/neutralhindi/9.mp3,neutralhindi,Rait Zara Si,/static/covers/neutralhindi/9.jpg
216,/static/music/neutralhindi/10.mp3,neutralhindi,Srivalli,/static/covers/neutralhindi/10.jpg
217,/static/music/sadhindi/1.mp3,sadhindi,Agar Tum Saath Ho,/static/covers/sadhindi/1.jpg
218,/static/music/sadhindi/2.mp3,sadhindi,Bin Tere,/static/covers/sadhindi/2.jpg
219,/static/music/sadhindi/3.mp3,sadhindi,Channa Mereya,/static/covers/sadhindi/3.jpg
220,/static/music/sadhindi/4.mp3,sadhindi,Hamari Adhuri Kahani,/static/covers/sadhindi/4.jpg
221,/static/music/sadhindi/5.mp3,sadhindi,Jag Soona Soona,/static/covers/sadhindi/5.jpg
222,/static/music/sadhindi/6.mp3,sadhindi,Jeena Jeena,/static/covers/sadhindi/6.jpg
223,/static/music/sadhindi/7.mp3,sadhindi,Jiyein Kyun,/static/covers/sadhindi/7.jpg
224,/static/music/sadhindi/8.mp3,sadhindi,Kabira,/static/covers/sadhindi/8.jpg
225,/static/music/sadhindi/9.mp3,sadhindi,Mai Dhoondne Ko,/static/covers/sadhindi/9.jpg
226,/static/music/sadhindi/10.mp3,sadhindi,Zinda,/static/covers/sadhindi/10.jpg
227,/static/music/surprisehindi/1.mp3,surprisehindi,Jeena Jeena,/static/covers/surprisehindi/1.jpg
228,/static/music/surprisehindi/2.mp3,surprisehindi,Jiyein Kyun,/static/covers/surprisehindi/2.jpg
229,/static/music/surprisehindi/3.mp3,surprisehindi,Makhna,/static/covers/surprisehindi/3.jpg
230,/static/music/surprisehindi/4.mp3,surprisehindi,Naacho Naacho,/static/covers/surprisehindi/4.jpg
231,/static/music/surprisehindi/5.mp3,surprisehindi,Rait Zara Si,/static/covers/surprisehindi/5.jpg
232,/static/music/surprisehindi/6.mp3,surprisehindi,Saibo,/static/covers/surprisehindi/6.jpg
233,/static/music/surprisehindi/7.mp3,surprisehindi,Sau Aasmaan,/static/covers/surprisehindi/7.jpg
234,/static/music/surprisehindi/8.mp3,surprisehindi,Sooraj Ki Baahon Mein,/static/covers/surprisehindi/8.jpg
235,/static/music/surprisehindi/9.mp3,surprisehindi,Srivalli,/static/covers/surprisehindi/9.jpg
236,/static/music/surprisehindi/10.mp3,surprisehindi,Uff Teri Adaa,/static/covers/surprisehindi/10.jpg
237,/static/music/angrypunjabi/1.mp3,angrypunjabi,Akhar,/static/covers/angrypunjabi/1.jpg
238,/static/music/angrypunjabi/2.mp3,angrypunjabi,Backbone,/static/covers/angrypunjabi/2.jpg
239,/static/music/angrypunjabi/3.mp3,angrypunjabi,Bijlee Bijlee,/static/covers/angrypunjabi/3.jpg
240,/static/music/angrypunjabi/4.mp3,angrypunjabi,Dil Da Showroom,/static/covers/angrypunjabi/4.jpg
241,/static/music/angrypunjabi/5.mp3,angrypunjabi,Guilty,/static/covers/angrypunjabi/5.jpg
242,/static/music/angrypunjabi/6.mp3,angrypunjabi,Kya Baat Ay,/static/covers/angrypunjabi/6.jpg
243,/static/music/angrypunjabi/7.mp3,angrypunjabi,Mere Warga,/static/covers/angrypunjabi/7.jpg
244,/static/music/angrypunjabi/8.mp3,angrypunjabi,Raule,/static/covers/angrypunjabi/8.jpg
245,/static/music/angrypunjabi/9.mp3,angrypunjabi,Vibe,/static/covers/angrypunjabi/9.jpg
246,/static/music/angrypunjabi/10.mp3,angrypunjabi,Waalian,/static/covers/angrypunjabi/10.jpg
247,/static/music/fearpunjabi/1.mp3,fearpunjabi,Aukaat,/static/covers/fearpunjabi/1.jpg
248,/static/music/fearpunjabi/2.mp3,fearpunjabi,Baby You,/static/covers/fearpunjabi/2.jpg
249,/static/music/fearpunjabi/3.mp3,fearpunjabi,Gal Karke,/static/covers/fearpunjabi/3.jpg
250,/static/music/fearpunjabi/4.mp3,fearpunjabi,Mill Lo Na,/static/covers/fearpunjabi/4.jpg
251,/static/music/fearpunjabi/5.mp3,fearpunjabi,Nira Ishq,/static/covers/fearpunjabi/5.jpg
252,/static/music/fearpunjabi/6.mp3,fearpunjabi,Prada,/static/covers/fearpunjabi/6.jpg
253,/static/music/fearpunjabi/7.mp3,fearpunjabi,Sakhiyaan,/static/covers/fearpunjabi/7.jpg
254,/static/music/fearpunjabi/8.mp3,fearpunjabi,Tru Talk,/static/covers/fearpunjabi/8.jpg
255,/static/music/fearpunjabi/9.mp3,fearpunjabi,Viah,/static/covers/fearpunjabi/9.jpg
256,/static/music/fearpunjabi/10.mp3,fearpunjabi,Yaari,/static/covers/fearpunjabi/10.jpg
257,/static/music/happypunjabi/1.mp3,happypunjabi,Aukaat,/static/covers/happypunjabi/1.jpg
258,/static/music/happypunjabi/2.mp3,happypunjabi,Baby You,/static/covers/happypunjabi/2.jpg
259,/static/music/happypunjabi/3.mp3,happypunjabi,Gal Karke,/static/covers/happypunjabi/3.jpg
260,/static/music/happypunjabi/4.mp3,happypunjabi,Ik Tera,/static/covers/happypunjabi/4.jpg
261,/static/music/happypunjabi/5.mp3,happypunjabi,Kya Baat Aa,/static/covers/happypunjabi/5.jpg
262,/static/music/happypunjabi/6.mp3,happypunjabi,Mill Lo Na,/static/covers/happypunjabi/6.jpg
263,/static/music/happypunjabi/7.mp3,happypunjabi,Nira Ishq,/static/covers/happypunjabi/7.jpg
264,/static/music/happypunjabi/8.mp3,happypunjabi,Prada,/static/covers/happypunjabi/8.jpg
265,/static/music/happypunjabi/9.mp3,happypunjabi,Sakhiyaan,/static/covers/happypunjabi/9.jpg
266,/static/music/happypunjabi/10.mp3,happypunjabi,Viah,/static/covers/happypunjabi/10.jpg
267,/static/music/neutralpunjabi/1.mp3,neutralpunjabi,Jhanjra,/static/covers/neutralpunjabi/1.jpg
268,/static/music/neutralpunjabi/2.mp3,neutralpunjabi,Kalla Changa,/static/covers/neutralpunjabi/2.jpg
269,/static/music/neutralpunjabi/3.mp3,neutralpunjabi,Lost Love,/static/covers/neutralpunjabi/3.jpg
270,/static/music/neutralpunjabi/4.mp3,neutralpunjabi,Mai Tera Ho Gaya,/static/covers/neutralpunjabi/4.jpg
271,/static/music/neutralpunjabi/5.mp3,neutralpunjabi,Mere Wala Sardar,/static/covers/neutralpunjabi/5.jpg
272,/static/music/neutralpunjabi/6.mp3,neutralpunjabi,Surma Kaala,/static/covers/neutralpunjabi/6.jpg
273,/static/music/neutralpunjabi/7.mp3,neutralpunjabi,Surma,/static/covers/neutralpunjabi/7.jpg
274,/static/music/neutralpunjabi/8.mp3,neutralpunjabi,Tere Karke,/static/covers/neutralpunjabi/8.jpg
275,/static/music/neutralpunjabi/9.mp3,neutralpunjabi,Tru Talk,/static/covers/neutralpunjabi/9.jpg
276,/static/music/neutralpunjabi/10.mp3,neutralpunjabi,Yaari,/static/covers/neutralpunjabi/10.jpg
277,/static/music/sadpunjabi/1.mp3,sadpunjabi,Jhanjra,/static/covers/sadpunjabi/1.jpg
278,/static/music/sadpunjabi/2.mp3,sadpunjabi,Kalla Changa,/static/covers/sadpunjabi/2.jpg
279,/static/music/sadpunjabi/3.mp3,sadpunjabi,Lost Love,/static/covers/sadpunjabi/3.jpg
280,/static/music/sadpunjabi/4.mp3,sadpunjabi,Mai Tera Ho Gaya,/static/covers/sadpunjabi/4.jpg
281,/static/music/sadpunjabi/5.mp3,sadpunjabi,Mere Wala Sardar,/static/covers/sadpunjabi/5.jpg
282,/static/music/sadpunjabi/6.mp3,sadpunjabi,Mill Lo Na,/static/covers/sadpunjabi/6.jpg
283,/static/music/sadpunjabi/7.mp3,sadpunjabi,Nira Ishq,/static/covers/sadpunjabi/7.jpg
284,/static/music/sadpunjabi/8.mp3,sadpunjabi,Prada,/static/covers/sadpunjabi/8.jpg
285,/static/music/sadpunjabi/9.mp3,sadpunjabi,Sakhiyaan,/static/covers/sadpunjabi/9.jpg
286,/static/music/sadpunjabi/10.mp3,sadpunjabi,Viah,/static/covers/sadpunjabi/10.jpg
287,/static/music/surprisepunjabi/1.mp3,surprisepunjabi,Akhar,/static/covers/surprisepunjabi/1.jpg
288,/static/music/surprisepunjabi/2.mp3,surprisepunjabi,Aukaat,/static/covers/surprisepunjabi/2.jpg
289,/static/music/surprisepunjabi/3.mp3,surprisepunjabi,Baby You,/static/covers/surprisepunjabi/3.jpg
290,/static/music/surprisepunjabi/4.mp3,surprisepunjabi,Backbone,/static/covers/surprisepunjabi/4.jpg
291,/static/music/surprisepunjabi/5.mp3,surprisepunjabi,Bijlee Bijlee,/static/covers/surprisepunjabi/5.jpg
292,/static/music/surprisepunjabi/6.mp3,surprisepunjabi,Dil Da Showroom,/static/covers/surprisepunjabi/6.jpg
293,/static/music/surprisepunjabi/7.mp3,surprisepunjabi,Gal Karke,/static/covers/surprisepunjabi/7.jpg
294,/static/music/surprisepunjabi/8.mp3,surprisepunjabi,Guilty,/static/covers/surprisepunjabi/8.jpg
295,/static/music/surprisepunjabi/9.mp3,surprisepunjabi,Ik Tera,/static/covers/surprisepunjabi/9.jpg
296,/static/music/surprisepunjabi/10.mp3,surprisepunjabi,Kya Baath Aa,/static/covers/surprisepunjabi/10.jpg
